InvoieNo,tokoe,Description,Quantity,InvoiceDate,UnitPrice,CustomerID,Country
549687,20685,DOORMAT RED RETROSPOT,2,2011-03-04,7.95,12363,USA
549687,22691,DOORMAT WELCOME SUNRISE,2,2011-03-04,7.95,12363,USA
549687,48116,DOORMAT MULTICOLOUR STRIPE,2,2011-03-04,7.95,12363,USA
549687,21213,PACK OF 72 SKULL CAKE CASES,24,2011-03-04,0.55,12363,USA
549687,21977,PACK OF 60 PINK PAISLEY CAKE CASES,24,2011-03-04,0.55,12363,USA
549687,21976,PACK OF 60 MUSHROOM CAKE CASES,24,2011-03-04,0.55,12363,USA
549687,21212,PACK OF 72 RETROSPOT CAKE CASES,24,2011-03-04,0.55,12363,USA
549687,84992,72 SWEETHEART FAIRY CAKE CASES,24,2011-03-04,0.55,12363,USA
549687,84991,60 TEATIME FAIRY CAKE CASES,24,2011-03-04,0.55,12363,USA
549687,21974,SET OF 36 PAISLEY FLOWER DOILIES,12,2011-03-04,1.45,12363,USA
549687,21973,SET OF 36 MUSHROOM PAPER DOILIES,12,2011-03-04,1.45,12363,USA
549687,21211,SET OF 72 SKULL PAPER  DOILIES,12,2011-03-04,1.45,12363,USA
549687,21124,SET/10 BLUE POLKADOT PARTY CANDLES,24,2011-03-04,1.25,12363,USA
549687,21122,SET/10 PINK POLKADOT PARTY CANDLES,24,2011-03-04,1.25,12363,USA
549687,21123,SET/10 IVORY POLKADOT PARTY CANDLES,24,2011-03-04,1.25,12363,USA
549687,21121,SET/10 RED POLKADOT PARTY CANDLES,24,2011-03-04,1.25,12363,USA
550644,22722,SET OF 6 SPICE TINS PANTRY DESIGN,7,2011-04-19,3.95,12733,USA
550644,22979,PANTRY WASHING UP BRUSH,2,2011-04-19,1.45,12733,USA
550644,84987,SET OF 36 TEATIME PAPER DOILIES,3,2011-04-19,1.45,12733,USA
550644,22720,SET OF 3 CAKE TINS PANTRY DESIGN ,1,2011-04-19,4.95,12733,USA
550644,22993,SET OF 4 PANTRY JELLY MOULDS,1,2011-04-19,1.25,12733,USA
550644,47580,TEA TIME DES TEA COSY,3,2011-04-19,2.55,12733,USA
550644,22989,SET 2 PANTRY DESIGN TEA TOWELS,6,2011-04-19,3.25,12733,USA
550644,22900, SET 2 TEA TOWELS I LOVE LONDON ,3,2011-04-19,3.25,12733,USA
550644,22128,PARTY CONES CANDY ASSORTED,12,2011-04-19,1.25,12733,USA
550644,47590,PINK HAPPY BIRTHDAY BUNTING,4,2011-04-19,5.45,12733,USA
550644,22965,3 TRADITIONAl BISCUIT CUTTERS  SET,2,2011-04-19,2.1,12733,USA
550644,22088,PAPER BUNTING COLOURED LACE,6,2011-04-19,2.95,12733,USA
550644,22990,COTTON APRON PANTRY DESIGN,5,2011-04-19,4.95,12733,USA
550644,22129,PARTY CONES CANDY TREE DECORATION,36,2011-04-19,0.85,12733,USA
550644,21067,VINTAGE RED TEATIME MUG,6,2011-04-19,1.25,12733,USA
550644,22149,FELTCRAFT 6 FLOWER FRIENDS,6,2011-04-19,2.1,12733,USA
550644,22147,FELTCRAFT BUTTERFLY HEARTS,7,2011-04-19,1.45,12733,USA
550644,22301,COFFEE MUG CAT + BIRD DESIGN,6,2011-04-19,2.55,12733,USA
550644,22970,LONDON BUS COFFEE MUG,6,2011-04-19,2.55,12733,USA
550644,22423,REGENCY CAKESTAND 3 TIER,6,2011-04-19,12.75,12733,USA
550644,37501,TEA TIME TEA SET IN GIFT BOX,5,2011-04-19,6.95,12733,USA
550644,37500,TEA TIME TEAPOT IN GIFT BOX,4,2011-04-19,4.95,12733,USA
552695,22953,BIRTHDAY PARTY CORDON BARRIER TAPE,24,2011-10-05,1.25,16320,USA
552695,23078,ICE CREAM PEN LIP GLOSS ,24,2011-10-05,1.25,16320,USA
552695,22619,SET OF 6 SOLDIER SKITTLES,4,2011-10-05,3.75,16320,USA
552695,21888,BINGO SET,8,2011-10-05,3.75,16320,USA
552695,21890,S/6 WOODEN SKITTLES IN COTTON BAG,6,2011-10-05,3.25,16320,USA
552695,22620,4 TRADITIONAL SPINNING TOPS,12,2011-10-05,1.45,16320,USA
552695,21891,TRADITIONAL WOODEN SKIPPING ROPE,12,2011-10-05,1.45,16320,USA
552695,21705,BAG 500g SWIRLY MARBLES,12,2011-10-05,1.65,16320,USA
552695,21704,BAG 250g SWIRLY MARBLES,12,2011-10-05,0.85,16320,USA
552695,21703,BAG 125g SWIRLY MARBLES,12,2011-10-05,0.42,16320,USA
552695,22621,TRADITIONAL KNITTING NANCY,12,2011-10-05,1.65,16320,USA
552695,22150,3 STRIPEY MICE FELTCRAFT,6,2011-10-05,1.95,16320,USA
552695,23127,FELTCRAFT GIRL NICOLE KIT,4,2011-10-05,4.95,16320,USA
552695,23126,FELTCRAFT GIRL AMELIE KIT,4,2011-10-05,4.95,16320,USA
552695,20972,PINK CREAM FELT CRAFT TRINKET BOX ,12,2011-10-05,1.25,16320,USA
552695,22149,FELTCRAFT 6 FLOWER FRIENDS,12,2011-10-05,2.1,16320,USA
552695,22752,SET 7 BABUSHKA NESTING BOXES,4,2011-10-05,8.5,16320,USA
552695,22758,LARGE PURPLE BABUSHKA NOTEBOOK  ,12,2011-10-05,1.25,16320,USA
552695,22754,SMALL RED BABUSHKA NOTEBOOK ,12,2011-10-05,0.85,16320,USA
552695,22584,PACK OF 6 PANNETONE GIFT BOXES,12,2011-10-05,2.55,16320,USA
552695,22585,PACK OF 6 BIRDY GIFT TAGS,12,2011-10-05,1.25,16320,USA
552695,22815,CARD PSYCHEDELIC APPLES,12,2011-10-05,0.42,16320,USA
552695,16161,WRAP SUKI AND FRIENDS,25,2011-10-05,0.42,16320,USA
552695,22707,WRAP MONSTER FUN ,25,2011-10-05,0.42,16320,USA
552695,22711,WRAP CIRCUS PARADE,25,2011-10-05,0.42,16320,USA
552695,22985,WRAP BILLBOARD FONTS DESIGN,25,2011-10-05,0.42,16320,USA
552695,22048,BIRTHDAY BANQUET GIFT WRAP,25,2011-10-05,0.42,16320,USA
552695,22986,GINGHAM ROSE WRAP,25,2011-10-05,0.42,16320,USA
552695,23233,WRAP POPPIES  DESIGN,25,2011-10-05,0.42,16320,USA
552695,23232,WRAP VINTAGE PETALS  DESIGN,25,2011-10-05,0.42,16320,USA
552695,22653,BUTTON BOX ,10,2011-10-05,1.95,16320,USA
552695,22652,TRAVEL SEWING KIT,10,2011-10-05,1.65,16320,USA
552695,22960,JAM MAKING SET WITH JARS,12,2011-10-05,3.75,16320,USA
552695,22989,SET 2 PANTRY DESIGN TEA TOWELS,6,2011-10-05,3.25,16320,USA
552695,22993,SET OF 4 PANTRY JELLY MOULDS,12,2011-10-05,1.25,16320,USA
552695,22924,FRIDGE MAGNETS LA VIE EN ROSE,12,2011-10-05,0.85,16320,USA
552695,23159,SET OF 5 PANCAKE DAY MAGNETS,12,2011-10-05,2.08,16320,USA
552695,21908,CHOCOLATE THIS WAY METAL SIGN,12,2011-10-05,2.1,16320,USA
552695,82582,AREA PATROLLED METAL SIGN,12,2011-10-05,2.1,16320,USA
552695,22413,METAL SIGN TAKE IT OR LEAVE IT ,6,2011-10-05,2.95,16320,USA
552695,21907,IM ON HOLIDAY METAL SIGN,12,2011-10-05,2.1,16320,USA
552695,71459,HANGING JAM JAR T-LIGHT HOLDER,24,2011-10-05,0.85,16320,USA
552695,22485,SET OF 2 WOODEN MARKET CRATES,2,2011-10-05,12.75,16320,USA
552695,82482,WOODEN PICTURE FRAME WHITE FINISH,6,2011-10-05,2.55,16320,USA
552695,84879,ASSORTED COLOUR BIRD ORNAMENT,16,2011-10-05,1.69,16320,USA
552695,21497,FANCY FONTS BIRTHDAY WRAP,25,2011-10-05,0.42,16320,USA
552695,23231,WRAP DOILEY DESIGN,25,2011-10-05,0.42,16320,USA
553857,23090,VINTAGE GLASS T-LIGHT HOLDER,12,2011-05-19,0.83,16311,USA
553857,47021,SET/6 BEAD COASTERS GAUZE BAG GOLD,48,2011-05-19,0.39,16311,USA
553857,79030,TUMBLER BAROQUE,24,2011-05-19,0.39,16311,USA
553857,84877,PINK ROUND COMPACT MIRROR,24,2011-05-19,1.25,16311,USA
553857,22178,VICTORIAN GLASS HANGING T-LIGHT,12,2011-05-19,1.25,16311,USA
553857,84913,MINT GREEN ROSE TOWEL,8,2011-05-19,4.65,16311,USA
553857,85125,SMALL ROUND CUT GLASS CANDLESTICK,3,2011-05-19,4.95,16311,USA
553857,21380,WOODEN HAPPY BIRTHDAY GARLAND,6,2011-05-19,2.95,16311,USA
553857,47590,BLUE HAPPY BIRTHDAY BUNTING,3,2011-05-19,5.45,16311,USA
553857,47590,PINK HAPPY BIRTHDAY BUNTING,3,2011-05-19,5.45,16311,USA
553857,47369,PINK GREEN EMBROIDERY COSMETIC BAG,6,2011-05-19,2.95,16311,USA
557499,23122,PARTY CHARMS 50 PIECES,12,2011-06-20,0.83,16320,USA
557499,23119,PACK OF 6 LARGE FRUIT STRAWS ,36,2011-06-20,0.62,16320,USA
557499,23108,SET OF 10 LED DOLLY LIGHTS,4,2011-06-20,6.25,16320,USA
557499,23240,SET OF 4 KNICK KNACK TINS DOILEY ,6,2011-06-20,4.15,16320,USA
557499,23237,SET OF 4 KNICK KNACK TINS LEAVES ,6,2011-06-20,4.15,16320,USA
557499,23239,SET OF 4 KNICK KNACK TINS POPPIES,6,2011-06-20,4.15,16320,USA
557499,23245,SET OF 3 REGENCY CAKE TINS,4,2011-06-20,4.95,16320,USA
557499,22627,MINT KITCHEN SCALES,2,2011-06-20,8.5,16320,USA
557499,22625,RED KITCHEN SCALES,2,2011-06-20,8.5,16320,USA
559521,21634,ASSORTED MINI MADRAS NOTEBOOK,24,2011-08-07,0.39,16311,USA
559521,21212,PACK OF 72 RETROSPOT CAKE CASES,13,2011-08-07,0.55,16311,USA
559521,22964,3 PIECE SPACEBOY COOKIE CUTTER SET,5,2011-08-07,2.1,16311,USA
559521,23254,CHILDRENS CUTLERY DOLLY GIRL ,5,2011-08-07,4.15,16311,USA
559521,23256,CHILDRENS CUTLERY SPACEBOY ,5,2011-08-07,4.15,16311,USA
559521,84378,SET OF 3 HEART COOKIE CUTTERS,7,2011-08-07,1.25,16311,USA
559521,20983,12 PENCILS TALL TUBE RED RETROSPOT,7,2011-08-07,0.85,16311,USA
559521,20982,12 PENCILS TALL TUBE SKULLS,7,2011-08-07,0.85,16311,USA
559521,22367,CHILDRENS APRON SPACEBOY DESIGN,6,2011-08-07,1.95,16311,USA
559521,20981,12 PENCILS TALL TUBE WOODLAND,7,2011-08-07,0.85,16311,USA
559521,22991,GIRAFFE WOODEN RULER,3,2011-08-07,1.95,16311,USA
559521,22992,REVOLVER WOODEN RULER ,5,2011-08-07,1.95,16311,USA
559521,21380,WOODEN HAPPY BIRTHDAY GARLAND,1,2011-08-07,2.95,16311,USA
559521,20869,GOLD FABRIC MIRROR,13,2011-08-07,0.39,16311,USA
559521,22621,TRADITIONAL KNITTING NANCY,10,2011-08-07,1.65,16311,USA
559521,21156,RETROSPOT CHILDRENS APRON,6,2011-08-07,1.95,16311,USA
559521,84548,CROCHET BEAR RED/BLUE  KEYRING,7,2011-08-07,1.65,16311,USA
559521,23007, SPACEBOY BABY GIFT SET,1,2011-08-07,16.95,16311,USA
559521,22759,SET OF 3 NOTEBOOKS IN PARCEL,8,2011-08-07,1.65,16311,USA
559521,20819,SILVER TEDDY BEAR,1,2011-08-07,3.75,16311,USA
559521,22196,SMALL HEART MEASURING SPOONS,1,2011-08-07,0.85,16311,USA
559521,21124,SET/10 BLUE POLKADOT PARTY CANDLES,1,2011-08-07,1.25,16311,USA
559521,23309,SET OF 60 I LOVE LONDON CAKE CASES ,1,2011-08-07,0.55,16311,USA
559521,22317,FIVE CATS HANGING DECORATION,1,2011-08-07,2.95,16311,USA
559521,22548,HEADS AND TAILS SPORTING FUN,6,2011-08-07,1.25,16311,USA
559521,21790,VINTAGE SNAP CARDS,8,2011-08-07,0.85,16311,USA
559521,21915,RED  HARMONICA IN BOX ,12,2011-08-07,1.25,16311,USA
559521,22437,SET OF 9 BLACK SKULL BALLOONS,2,2011-08-07,0.85,16311,USA
559521,20985,HEART CALCULATOR,12,2011-08-07,1.25,16311,USA
559521,22555,PLASTERS IN TIN STRONGMAN,6,2011-08-07,1.65,16311,USA
559521,21126,SET OF 6 GIRLS CELEBRATION CANDLES,5,2011-08-07,1.25,16311,USA
559521,22435,SET OF 9 HEART SHAPED BALLOONS,2,2011-08-07,1.25,16311,USA
559521,22553,PLASTERS IN TIN SKULLS,7,2011-08-07,1.65,16311,USA
559521,22434,BALLOON PUMP WITH 10 BALLOONS,6,2011-08-07,1.95,16311,USA
559521,22439,6 ROCKET BALLOONS ,40,2011-08-07,0.65,16311,USA
559521,21888,BINGO SET,4,2011-08-07,3.75,16311,USA
559521,23240,SET OF 4 KNICK KNACK TINS DOILEY ,3,2011-08-07,4.15,16311,USA
559521,21889,WOODEN BOX OF DOMINOES,7,2011-08-07,1.25,16311,USA
559521,22129,PARTY CONES CANDY TREE DECORATION,6,2011-08-07,0.85,16311,USA
559521,22128,PARTY CONES CANDY ASSORTED,6,2011-08-07,1.25,16311,USA
559521,84375,SET OF 20 KIDS COOKIE CUTTERS,1,2011-08-07,2.1,16311,USA
559521,23242,TREASURE TIN BUFFALO BILL ,1,2011-08-07,2.08,16311,USA
559521,21055,TOOL BOX SOFT TOY ,1,2011-08-07,8.95,16311,USA
559521,23128,FELTCRAFT BOY JEAN-PAUL KIT,1,2011-08-07,4.95,16311,USA
559521,23241,TREASURE TIN GYMKHANA DESIGN,1,2011-08-07,2.08,16311,USA
559521,20868,SILVER FABRIC MIRROR,13,2011-08-07,0.39,16311,USA
559521,22150,3 STRIPEY MICE FELTCRAFT,1,2011-08-07,1.95,16311,USA
559521,22620,4 TRADITIONAL SPINNING TOPS,5,2011-08-07,1.45,16311,USA
559521,21892,TRADITIONAL WOODEN CATCH CUP GAME ,8,2011-08-07,1.25,16311,USA
559521,20750,RED RETROSPOT MINI CASES,2,2011-08-07,7.95,16311,USA
559521,20749,ASSORTED COLOUR MINI CASES,2,2011-08-07,7.95,16311,USA
559521,21891,TRADITIONAL WOODEN SKIPPING ROPE,9,2011-08-07,1.45,16311,USA
559521,21056,DOCTORS BAG SOFT TOY,1,2011-08-07,8.95,16311,USA
559521,22196,SMALL HEART MEASURING SPOONS,7,2011-08-07,0.85,16311,USA
559521,21124,SET/10 BLUE POLKADOT PARTY CANDLES,7,2011-08-07,1.25,16311,USA
559521,21125,SET 6 FOOTBALL CELEBRATION CANDLES,6,2011-08-07,1.25,16311,USA
559521,22467,GUMBALL COAT RACK,6,2011-08-07,2.55,16311,USA
559521,22899,CHILDRENS APRON DOLLY GIRL ,6,2011-08-07,2.1,16311,USA
559521,20725,LUNCH BAG RED RETROSPOT,7,2011-08-07,1.65,16311,USA
559521,84077,WORLD WAR 2 GLIDERS ASSTD DESIGNS,48,2011-08-07,0.29,16311,USA
559521,22662,LUNCH BAG DOLLY GIRL DESIGN,10,2011-08-07,1.65,16311,USA
559521,20727,LUNCH BAG  BLACK SKULL.,8,2011-08-07,1.65,16311,USA
559521,22262,FELT EGG COSY CHICKEN,1,2011-08-07,0.85,16311,USA
559521,22260,FELT EGG COSY BLUE RABBIT ,1,2011-08-07,0.85,16311,USA
559521,23192,BUNDLE OF 3 ALPHABET EXERCISE BOOKS,1,2011-08-07,1.65,16311,USA
559521,22911,PAPER CHAIN KIT LONDON,1,2011-08-07,2.95,16311,USA
559521,22085,PAPER CHAIN KIT SKULLS ,1,2011-08-07,2.95,16311,USA
559521,22276,WASH BAG VINTAGE ROSE PAISLEY,1,2011-08-07,2.55,16311,USA
559521,22570,FELTCRAFT CUSHION RABBIT,1,2011-08-07,3.75,16311,USA
559521,22083,PAPER CHAIN KIT RETROSPOT,1,2011-08-07,2.95,16311,USA
559521,23076,ICE CREAM SUNDAE LIP GLOSS,24,2011-08-07,1.25,16311,USA
559521,22197,POPCORN HOLDER,3,2011-08-07,0.85,16311,USA
559929,22960,JAM MAKING SET WITH JARS,6,2011-07-14,4.25,14265,USA
559929,16161,WRAP ENGLISH ROSE ,25,2011-07-14,0.42,14265,USA
559929,21499,BLUE POLKADOT WRAP,25,2011-07-14,0.42,14265,USA
559929,21500,PINK POLKADOT WRAP ,25,2011-07-14,0.42,14265,USA
559929,21503,TOYBOX  WRAP ,25,2011-07-14,0.42,14265,USA
559929,22047,EMPIRE GIFT WRAP,25,2011-07-14,0.42,14265,USA
559929,22051,BLUE SCANDINAVIAN PAISLEY WRAP,25,2011-07-14,0.42,14265,USA
559929,22050,PINK PAISLEY ROSE GIFT WRAP,25,2011-07-14,0.42,14265,USA
559929,22709,WRAP WEDDING DAY,25,2011-07-14,0.42,14265,USA
559929,22485,SET OF 2 WOODEN MARKET CRATES,2,2011-07-14,12.75,14265,USA
559929,40001,WHITE BAMBOO RIBS LAMPSHADE,24,2011-07-14,0.85,14265,USA
559929,21628,TRIANGULAR POUFFE VINTAGE ,2,2011-07-14,14.95,14265,USA
559929,46000,POLYESTER FILLER PAD 40x40cm,18,2011-07-14,1.45,14265,USA
559929,46000,POLYESTER FILLER PAD 45x45cm,18,2011-07-14,1.55,14265,USA
559929,22423,REGENCY CAKESTAND 3 TIER,1,2011-07-14,12.75,14265,USA
561658,47563,RETRO LONGBOARD IRONING BOARD COVER,1,2011-07-28,1.25,12743,USA
561658,23124,18PC WOODEN CUTLERY SET DISPOSABLE,1,2011-07-28,1.25,12743,USA
561658,47574,ENGLISH ROSE SCENTED HANGING FLOWER,1,2011-07-28,0.75,12743,USA
561658,35968,FOLK ART METAL HEART T-LIGHT HOLDER,5,2011-07-28,0.38,12743,USA
561658,84559,3D SHEET OF DOG STICKERS,1,2011-07-28,0.85,12743,USA
561658,21586,KINGS CHOICE GIANT TUBE MATCHES,1,2011-07-28,2.55,12743,USA
561658,21733,RED HANGING HEART T-LIGHT HOLDER,1,2011-07-28,2.95,12743,USA
561658,23268,SET OF 2 CERAMIC CHRISTMAS REINDEER,1,2011-07-28,1.45,12743,USA
561658,23210,WHITE ROCKING HORSE HAND PAINTED,1,2011-07-28,1.25,12743,USA
561658,22449,SILK PURSE BABUSHKA PINK,1,2011-07-28,3.35,12743,USA
561658,20886,BOX OF 9 PEBBLE CANDLES,1,2011-07-28,1.95,12743,USA
561658,84879,ASSORTED COLOUR BIRD ORNAMENT,3,2011-07-28,1.69,12743,USA
561658,21588,RETROSPOT GIANT TUBE MATCHES,1,2011-07-28,2.55,12743,USA
561658,47599,BLUE PARTY BAGS ,1,2011-07-28,2.1,12743,USA
561658,22846,BREAD BIN DINER STYLE RED ,1,2011-07-28,16.95,12743,USA
561658,23336,EGG FRYING PAN PINK ,1,2011-07-28,2.08,12743,USA
561658,23338,EGG FRYING PAN RED ,1,2011-07-28,2.08,12743,USA
561658,23339,EGG FRYING PAN BLUE ,1,2011-07-28,2.08,12743,USA
561658,21033,JUMBO BAG CHARLIE AND LOLA TOYS,1,2011-07-28,2.08,12743,USA
561658,20679,EDWARDIAN PARASOL RED,1,2011-07-28,5.95,12743,USA
561658,22046,TEA PARTY  WRAPPING PAPER ,25,2011-07-28,0.42,12743,USA
561658,23546,WRAP PAISLEY PARK ,25,2011-07-28,0.42,12743,USA
561658,21108,FAIRY CAKE FLANNEL ASSORTED COLOUR,1,2011-07-28,2.55,12743,USA
561658,21002,ROSE DU SUD DRAWSTRING BAG,2,2011-07-28,4.25,12743,USA
561658,85212,MINI PAINTED GARDEN DECORATION ,12,2011-07-28,0.29,12743,USA
561658,21770,OPEN CLOSED METAL SIGN,1,2011-07-28,4.95,12743,USA
561658,22752,SET 7 BABUSHKA NESTING BOXES,1,2011-07-28,8.5,12743,USA
561658,21108,FAIRY CAKE FLANNEL ASSORTED COLOUR,1,2011-07-28,2.55,12743,USA
561658,22750,FELTCRAFT PRINCESS LOLA DOLL,1,2011-07-28,3.75,12743,USA
561658,84050,PINK HEART SHAPE EGG FRYING PAN,1,2011-07-28,1.65,12743,USA
561658,84813,SET OF 4 DIAMOND NAPKIN RINGS,1,2011-07-28,12.75,12743,USA
561658,23079,TOADSTOOL BEDSIDE LIGHT ,1,2011-07-28,8.95,12743,USA
561658,23014,GLASS APOTHECARY BOTTLE ELIXIR,1,2011-07-28,3.95,12743,USA
561658,85213,MINI  ZINC GARDEN DECORATIONS ,12,2011-07-28,0.29,12743,USA
561658,23068,ALUMINIUM STAMPED HEART,4,2011-07-28,2.49,12743,USA
561658,22139,RETROSPOT TEA SET CERAMIC 11 PC ,2,2011-07-28,4.95,12743,USA
561658,84912,GREEN ROSE WASHBAG,1,2011-07-28,3.75,12743,USA
561658,22727,ALARM CLOCK BAKELIKE RED ,1,2011-07-28,3.75,12743,USA
561658,84559,3D SHEET OF CAT STICKERS,1,2011-07-28,0.85,12743,USA
561658,84549,CROCHET WHITE RABBIT KEYRING ,1,2011-07-28,1.65,12743,USA
561658,22840,ROUND CAKE TIN VINTAGE RED,1,2011-07-28,7.95,12743,USA
561658,22604,SET OF 4 NAPKIN CHARMS CUTLERY,2,2011-07-28,2.55,12743,USA
561658,22902,TOTE BAG I LOVE LONDON,1,2011-07-28,2.1,12743,USA
561658,21065,BOOM BOX SPEAKER GIRLS,1,2011-07-28,5.95,12743,USA
561658,84012,MAGIC SHEEP WOOL GROWING FROM PAPER,1,2011-07-28,2.55,12743,USA
561658,47559,TEA TIME OVEN GLOVE,1,2011-07-28,1.25,12743,USA
561658,82600,NO SINGING METAL SIGN,1,2011-07-28,2.1,12743,USA
561658,21592,RETROSPOT CIGAR BOX MATCHES ,1,2011-07-28,1.25,12743,USA
561658,21591,COSY HOUR CIGAR BOX MATCHES ,1,2011-07-28,1.25,12743,USA
561658,22585,PACK OF 6 BIRDY GIFT TAGS,1,2011-07-28,1.25,12743,USA
561658,23055,IVORY CHANDELIER T-LIGHT HOLDER,1,2011-07-28,6.25,12743,USA
561658,23083,SET 6 PAPER TABLE LANTERN STARS ,1,2011-07-28,3.75,12743,USA
561658,23082,SET 6 PAPER TABLE LANTERN HEARTS ,1,2011-07-28,3.75,12743,USA
561658,16012,FOOD/DRINK SPONGE STICKERS,24,2011-07-28,0.21,12743,USA
561658,22732,3D VINTAGE CHRISTMAS STICKERS ,1,2011-07-28,1.25,12743,USA
561658,22733,3D TRADITIONAL CHRISTMAS STICKERS,2,2011-07-28,1.25,12743,USA
561658,22320,BIRDS MOBILE VINTAGE DESIGN,1,2011-07-28,5.95,12743,USA
561658,21843,RED RETROSPOT CAKE STAND,1,2011-07-28,10.95,12743,USA
561658,22423,REGENCY CAKESTAND 3 TIER,1,2011-07-28,12.75,12743,USA
561658,20712,JUMBO BAG WOODLAND ANIMALS,1,2011-07-28,2.08,12743,USA
561658,22411,JUMBO SHOPPER VINTAGE RED PAISLEY,1,2011-07-28,2.08,12743,USA
561658,85172,HYACINTH BULB T-LIGHT CANDLES,16,2011-07-28,0.42,12743,USA
561658,23284,DOORMAT KEEP CALM AND COME IN,1,2011-07-28,7.95,12743,USA
561658,23202,JUMBO BAG VINTAGE LEAF,1,2011-07-28,2.08,12743,USA
561658,47599,PINK PARTY BAGS,1,2011-07-28,2.1,12743,USA
561658,23211,RED ROCKING HORSE HAND PAINTED,1,2011-07-28,1.25,12743,USA
561658,22150,3 STRIPEY MICE FELTCRAFT,1,2011-07-28,1.95,12743,USA
561658,47348,FUSCHIA VOILE POINTY SHOE DEC,1,2011-07-28,0.39,12743,USA
561658,22580,ADVENT CALENDAR GINGHAM SACK,1,2011-07-28,5.95,12743,USA
561658,22834,HAND WARMER BABUSHKA DESIGN,1,2011-07-28,2.1,12743,USA
561658,22325,MOBILE VINTAGE HEARTS ,1,2011-07-28,4.95,12743,USA
561658,23183,MOTHERS KITCHEN SPOON REST ,1,2011-07-28,3.75,12743,USA
561658,22701,PINK DOG BOWL,1,2011-07-28,2.95,12743,USA
561658,22703,PINK CAT BOWL,1,2011-07-28,2.1,12743,USA
561658,23108,SET OF 10 LED DOLLY LIGHTS,1,2011-07-28,6.25,12743,USA
561658,22900,SET 2 TEA TOWELS I LOVE LONDON ,1,2011-07-28,3.25,12743,USA
561658,21064,BOOM BOX SPEAKER BOYS,1,2011-07-28,5.95,12743,USA
561658,22450,SILK PURSE BABUSHKA BLUE,1,2011-07-28,3.35,12743,USA
561658,84836,ZINC METAL HEART DECORATION,2,2011-07-28,1.25,12743,USA
561658,22700,BLACK AND WHITE DOG BOWL,1,2011-07-28,2.95,12743,USA
561658,22625,RED KITCHEN SCALES,1,2011-07-28,8.5,12743,USA
561658,23012,GLASS APOTHECARY BOTTLE PERFUME,1,2011-07-28,3.95,12743,USA
561658,79302,"ART LIGHTS,FUNK MONKEY",1,2011-07-28,2.95,12743,USA
561661,22844,VINTAGE CREAM DOG FOOD CONTAINER,2,2011-07-28,8.5,12743,USA
561661,84879,ASSORTED COLOUR BIRD ORNAMENT,3,2011-07-28,1.69,12743,USA
561661,84821,DANISH ROSE DELUXE COASTER,1,2011-07-28,0.85,12743,USA
561661,79063,"RETRO PILL BOX KEY CHAIN,THE KING",1,2011-07-28,0.19,12743,USA
561661,21931,JUMBO STORAGE BAG SUKI,1,2011-07-28,2.08,12743,USA
561661,22924,FRIDGE MAGNETS LA VIE EN ROSE,6,2011-07-28,0.85,12743,USA
561661,22289,HANGING METAL CHICKEN DECORATION,2,2011-07-28,1.25,12743,USA
561661,22288,HANGING METAL RABBIT DECORATION,2,2011-07-28,1.25,12743,USA
561661,22291,HANGING CHICK CREAM DECORATION,1,2011-07-28,1.45,12743,USA
561661,84459,PINK METAL CHICKEN HEART ,2,2011-07-28,1.49,12743,USA
561661,22834,HAND WARMER BABUSHKA DESIGN,1,2011-07-28,2.1,12743,USA
561661,23343,JUMBO BAG VINTAGE CHRISTMAS ,1,2011-07-28,2.08,12743,USA
561661,23158,SET OF 5 LUCKY CAT MAGNETS ,1,2011-07-28,2.08,12743,USA
561661,23335,EGG FRYING PAN IVORY ,1,2011-07-28,2.08,12743,USA
561661,23339,EGG FRYING PAN BLUE ,1,2011-07-28,2.08,12743,USA
561661,22437,SET OF 9 BLACK SKULL BALLOONS,10,2011-07-28,0.85,12743,USA
561661,22288,HANGING METAL RABBIT DECORATION,5,2011-07-28,1.25,12743,USA
561661,22289,HANGING METAL CHICKEN DECORATION,2,2011-07-28,1.25,12743,USA
561661,23208,LUNCH BAG VINTAGE LEAF DESIGN,1,2011-07-28,1.65,12743,USA
561661,21260,FIRST AID TIN,1,2011-07-28,3.25,12743,USA
561661,21637,ASSORTED SANSKRIT MINI NOTEBOOK,18,2011-07-28,1.25,12743,USA
561661,23108,SET OF 10 LED DOLLY LIGHTS,1,2011-07-28,6.25,12743,USA
561661,85049,TRADITIONAL CHRISTMAS RIBBONS,1,2011-07-28,1.25,12743,USA
561661,20679,EDWARDIAN PARASOL RED,1,2011-07-28,5.95,12743,USA
561661,23210,WHITE ROCKING HORSE HAND PAINTED,1,2011-07-28,1.25,12743,USA
561661,22906,12 MESSAGE CARDS WITH ENVELOPES,1,2011-07-28,1.65,12743,USA
561661,85180,RED HEARTS LIGHT CHAIN ,2,2011-07-28,4.65,12743,USA
561661,85179,GREEN BITTY LIGHT CHAIN,1,2011-07-28,4.65,12743,USA
561661,23079,TOADSTOOL BEDSIDE LIGHT ,1,2011-07-28,8.95,12743,USA
561661,22396,MAGNETS PACK OF 4 RETRO PHOTO,1,2011-07-28,0.39,12743,USA
561661,21591,COSY HOUR CIGAR BOX MATCHES ,1,2011-07-28,1.25,12743,USA
561661,84347,ROTATING SILVER ANGELS T-LIGHT HLDR,1,2011-07-28,2.55,12743,USA
561661,85175,CACTI T-LIGHT CANDLES,16,2011-07-28,0.42,12743,USA
561661,35646,VINTAGE BEAD PINK EVENING BAG,1,2011-07-28,1.25,12743,USA
561661,47343,FUSCHIA FLOWER PURSE WITH BEADS,1,2011-07-28,0.83,12743,USA
561661,23188,VINTAGE  2 METER FOLDING RULER,1,2011-07-28,1.65,12743,USA
561661,22604,SET OF 4 NAPKIN CHARMS CUTLERY,2,2011-07-28,2.55,12743,USA
561661,22556,PLASTERS IN TIN CIRCUS PARADE ,1,2011-07-28,1.65,12743,USA
561661,22076,6 RIBBONS EMPIRE  ,3,2011-07-28,1.65,12743,USA
561661,85179,PINK BITTY LIGHT CHAIN,1,2011-07-28,4.65,12743,USA
561661,21592,RETROSPOT CIGAR BOX MATCHES ,2,2011-07-28,1.25,12743,USA
561661,22906,12 MESSAGE CARDS WITH ENVELOPES,2,2011-07-28,1.65,12743,USA
561661,85180,PINK HEARTS LIGHT CHAIN ,1,2011-07-28,4.65,12743,USA
561661,22497,SET OF 2 TINS VINTAGE BATHROOM ,1,2011-07-28,4.25,12743,USA
561661,21065,BOOM BOX SPEAKER GIRLS,1,2011-07-28,5.95,12743,USA
561661,84012,MAGIC SHEEP WOOL GROWING FROM PAPER,1,2011-07-28,2.55,12743,USA
561661,84559,3D SHEET OF DOG STICKERS,1,2011-07-28,0.85,12743,USA
561661,23083,SET 6 PAPER TABLE LANTERN STARS ,1,2011-07-28,3.75,12743,USA
561661,22315,200 RED + WHITE BENDY STRAWS,1,2011-07-28,1.25,12743,USA
561661,23082,SET 6 PAPER TABLE LANTERN HEARTS ,1,2011-07-28,3.75,12743,USA
561661,21591,COSY HOUR CIGAR BOX MATCHES ,1,2011-07-28,1.25,12743,USA
563947,23236,STORAGE TIN VINTAGE DOILY ,24,2011-09-22,2.89,12363,USA
563947,21210,SET OF 72 RETROSPOT PAPER  DOILIES,12,2011-09-22,1.45,12363,USA
563947,23313,VINTAGE CHRISTMAS BUNTING,6,2011-09-22,4.95,12363,USA
563947,23318,BOX OF 6 MINI VINTAGE CRACKERS,12,2011-08-08,2.49,12363,USA
563947,22952,60 CAKE CASES VINTAGE CHRISTMAS,36,2011-09-22,0.55,12363,USA
563947,22950,36 DOILIES VINTAGE CHRISTMAS,12,2011-09-22,1.45,12363,USA
563947,23234,BISCUIT TIN VINTAGE CHRISTMAS,24,2011-09-22,2.89,12363,USA
564051,23355,HOT WATER BOTTLE KEEP CALM,4,2011-09-22,4.95,14265,USA
564051,22112,CHOCOLATE HOT WATER BOTTLE,3,2011-09-22,4.95,14265,USA
564051,22839,3 TIER CAKE TIN GREEN AND CREAM,1,2011-09-22,14.95,14265,USA
564051,22838,3 TIER CAKE TIN RED AND CREAM,1,2011-09-22,14.95,14265,USA
564051,22840,ROUND CAKE TIN VINTAGE RED,2,2011-09-22,7.95,14265,USA
564051,22841,ROUND CAKE TIN VINTAGE GREEN,2,2011-09-22,7.95,14265,USA
564051,22845,VINTAGE CREAM CAT FOOD CONTAINER,4,2011-09-22,6.35,14265,USA
564051,22853,CAT BOWL VINTAGE CREAM,6,2011-09-22,3.25,14265,USA
564051,23301,GARDENERS KNEELING PAD KEEP CALM ,12,2011-09-22,1.65,14265,USA
564051,23008,DOLLY GIRL BABY GIFT SET,1,2011-09-22,16.95,14265,USA
564051,23080,RED METAL BOX TOP SECRET,2,2011-09-22,8.25,14265,USA
564051,23007, SPACEBOY BABY GIFT SET,1,2011-09-22,16.95,14265,USA
564051,21833,CAMOUFLAGE LED TORCH,12,2011-09-22,1.69,14265,USA
564051,23081,GREEN METAL BOX ARMY SUPPLIES,2,2011-09-22,8.25,14265,USA
564051,23046,PAPER LANTERN 9 POINT DELUXE STAR,2,2011-09-22,6.65,14265,USA
564051,23045,PAPER LANTERN 5 POINT STAR MOON ,4,2011-09-22,4.15,14265,USA
565303,22904,CALENDAR PAPER CUT DESIGN,1,2011-02-09,2.95,16311,USA
565303,21329,DINOSAURS  WRITING SET ,1,2011-02-09,1.65,16311,USA
565303,21992,VINTAGE PAISLEY STATIONERY SET,1,2011-02-09,1.25,16311,USA
565303,20772,GARDEN PATH JOURNAL,1,2011-02-09,2.55,16311,USA
565303,23196,VINTAGE LEAF MAGNETIC NOTEPAD,1,2011-02-09,1.45,16311,USA
565303,22543,MINI JIGSAW BAKE A CAKE ,2,2011-02-09,0.42,16311,USA
565303,22539,MINI JIGSAW DOLLY GIRL,2,2011-02-09,0.42,16311,USA
565303,22544,MINI JIGSAW SPACEBOY,3,2011-02-09,0.42,16311,USA
565303,22541,MINI JIGSAW LEAP FROG,1,2011-02-09,0.42,16311,USA
565303,22540,MINI JIGSAW CIRCUS PARADE ,1,2011-02-09,0.42,16311,USA
565303,22537,MAGIC DRAWING SLATE DINOSAUR,2,2011-02-09,0.42,16311,USA
565303,22533,MAGIC DRAWING SLATE BAKE A CAKE ,2,2011-02-09,0.42,16311,USA
565303,22535,MAGIC DRAWING SLATE BUNNIES ,4,2011-02-09,0.42,16311,USA
565303,22536,MAGIC DRAWING SLATE PURDEY,2,2011-02-09,0.42,16311,USA
565303,22532,MAGIC DRAWING SLATE LEAP FROG ,2,2011-02-09,0.42,16311,USA
565303,22531,MAGIC DRAWING SLATE CIRCUS PARADE  ,2,2011-02-09,0.42,16311,USA
565303,22534,MAGIC DRAWING SLATE SPACEBOY ,2,2011-02-09,0.42,16311,USA
565303,22530,MAGIC DRAWING SLATE DOLLY GIRL ,2,2011-02-09,0.42,16311,USA
565303,22529,MAGIC DRAWING SLATE GO TO THE FAIR ,2,2011-02-09,0.42,16311,USA
565303,22540,MINI JIGSAW CIRCUS PARADE ,3,2011-02-09,0.42,16311,USA
565303,22746,POPPYS PLAYHOUSE LIVINGROOM ,1,2011-02-09,2.1,16311,USA
565303,22748,POPPYS PLAYHOUSE KITCHEN,1,2011-02-09,2.1,16311,USA
565303,22747,POPPYS PLAYHOUSE BATHROOM,1,2011-02-09,2.1,16311,USA
565303,22745,POPPYS PLAYHOUSE BEDROOM ,1,2011-02-09,2.1,16311,USA
565303,85227,SET OF 6 3D KIT CARDS FOR KIDS,1,2011-02-09,0.85,16311,USA
565303,84077,WORLD WAR 2 GLIDERS ASSTD DESIGNS,48,2011-02-09,0.29,16311,USA
565303,23309,SET OF 60 I LOVE LONDON CAKE CASES ,2,2011-02-09,0.55,16311,USA
565303,22437,SET OF 9 BLACK SKULL BALLOONS,10,2011-02-09,0.85,16311,USA
565303,84378,SET OF 3 HEART COOKIE CUTTERS,2,2011-02-09,1.45,16311,USA
565303,23307,SET OF 60 PANTRY DESIGN CAKE CASES ,2,2011-02-09,0.55,16311,USA
565303,21977,PACK OF 60 PINK PAISLEY CAKE CASES,2,2011-02-09,0.55,16311,USA
565303,21976,PACK OF 60 MUSHROOM CAKE CASES,2,2011-02-09,0.55,16311,USA
565303,21975,PACK OF 60 DINOSAUR CAKE CASES,2,2011-02-09,0.55,16311,USA
565303,84991,60 TEATIME FAIRY CAKE CASES,2,2011-02-09,0.55,16311,USA
565303,11001,ASSTD DESIGN RACING CAR PEN,16,2011-02-09,1.69,16311,USA
565303,22951,60 CAKE CASES DOLLY GIRL DESIGN,2,2011-02-09,0.55,16311,USA
565303,84375,SET OF 20 KIDS COOKIE CUTTERS,2,2011-02-09,2.1,16311,USA
565303,21559,STRAWBERRY LUNCH BOX WITH CUTLERY,2,2011-02-09,2.55,16311,USA
565303,21558,SKULL LUNCH BOX WITH CUTLERY ,1,2011-02-09,2.55,16311,USA
565303,22499,WOODEN UNION JACK BUNTING,1,2011-02-09,5.95,16311,USA
565303,22964,3 PIECE SPACEBOY COOKIE CUTTER SET,2,2011-02-09,2.1,16311,USA
565303,22911,PAPER CHAIN KIT LONDON,1,2011-02-09,2.95,16311,USA
565303,22549,PICTURE DOMINOES,2,2011-02-09,1.45,16311,USA
565303,23076,ICE CREAM SUNDAE LIP GLOSS,24,2011-02-09,1.25,16311,USA
565303,21912,VINTAGE SNAKES & LADDERS,2,2011-02-09,3.75,16311,USA
565303,21888,BINGO SET,2,2011-02-09,3.75,16311,USA
565303,23310,BUBBLEGUM RING ASSORTED,36,2011-02-09,0.42,16311,USA
565303,84997,CHILDRENS CUTLERY POLKADOT BLUE,2,2011-02-09,4.15,16311,USA
565303,23254,CHILDRENS CUTLERY DOLLY GIRL ,2,2011-02-09,4.15,16311,USA
565303,23255,CHILDRENS CUTLERY CIRCUS PARADE,4,2011-02-09,4.15,16311,USA
565303,22083,PAPER CHAIN KIT RETROSPOT,2,2011-02-09,2.95,16311,USA
565303,85019,BLOSSOM  IMAGES NOTEBOOK SET,2,2011-02-09,1.25,16311,USA
565303,21558,SKULL LUNCH BOX WITH CUTLERY ,1,2011-02-09,2.55,16311,USA
565303,22911,PAPER CHAIN KIT LONDON,3,2011-02-09,2.95,16311,USA
565303,85227,SET OF 6 3D KIT CARDS FOR KIDS,5,2011-02-09,0.85,16311,USA
565303,22196,SMALL HEART MEASURING SPOONS,1,2011-02-09,0.85,16311,USA
565303,20983,12 PENCILS TALL TUBE RED RETROSPOT,4,2011-02-09,0.85,16311,USA
565303,20977,36 PENCILS TUBE WOODLAND,4,2011-02-09,1.25,16311,USA
565303,20982,12 PENCILS TALL TUBE SKULLS,5,2011-02-09,0.85,16311,USA
565303,23084,RABBIT NIGHT LIGHT,1,2011-02-09,2.08,16311,USA
565303,22549,PICTURE DOMINOES,1,2011-02-09,1.45,16311,USA
565303,85227,SET OF 6 3D KIT CARDS FOR KIDS,4,2011-02-09,0.85,16311,USA
565303,22138,BAKING SET 9 PIECE RETROSPOT ,2,2011-02-09,4.95,16311,USA
565303,21889,WOODEN BOX OF DOMINOES,5,2011-02-09,1.25,16311,USA
565303,22550,HOLIDAY FUN LUDO,2,2011-02-09,3.75,16311,USA
565303,23127,FELTCRAFT GIRL NICOLE KIT,1,2011-02-09,4.95,16311,USA
570467,22551,PLASTERS IN TIN SPACEBOY,12,2011-10-10,1.65,12607,USA
570467,21915,RED  HARMONICA IN BOX ,12,2011-10-10,1.25,12607,USA
570467,22619,SET OF 6 SOLDIER SKITTLES,4,2011-10-10,3.75,12607,USA
570467,22138,BAKING SET 9 PIECE RETROSPOT ,3,2011-10-10,4.95,12607,USA
570467,21524,DOORMAT SPOTTY HOME SWEET HOME,2,2011-10-10,8.25,12607,USA
570467,21668,RED STRIPE CERAMIC DRAWER KNOB,12,2011-10-10,1.45,12607,USA
570467,21671,RED SPOT CERAMIC DRAWER KNOB,12,2011-10-10,1.45,12607,USA
570467,21669,BLUE STRIPE CERAMIC DRAWER KNOB,12,2011-10-10,1.45,12607,USA
570467,22090,PAPER BUNTING RETROSPOT,6,2011-10-10,2.95,12607,USA
570467,22668,PINK BABY BUNTING,5,2011-10-10,2.95,12607,USA
570467,47590,BLUE HAPPY BIRTHDAY BUNTING,3,2011-10-10,5.45,12607,USA
570467,47590,PINK HAPPY BIRTHDAY BUNTING,3,2011-10-10,5.45,12607,USA
570467,22974,CHILDRENS DOLLY GIRL MUG,12,2011-10-10,1.65,12607,USA
570467,22972,CHILDRENS SPACEBOY MUG,12,2011-10-10,1.65,12607,USA
570467,22326,ROUND SNACK BOXES SET OF4 WOODLAND ,6,2011-10-10,2.95,12607,USA
570467,21231,SWEETHEART CERAMIC TRINKET BOX,12,2011-10-10,1.25,12607,USA
570467,21232,STRAWBERRY CERAMIC TRINKET BOX,12,2011-10-10,1.25,12607,USA
570467,22949,36 DOILIES DOLLY GIRL,12,2011-10-10,1.45,12607,USA
570467,21974,SET OF 36 PAISLEY FLOWER DOILIES,12,2011-10-10,1.45,12607,USA
570467,84987,SET OF 36 TEATIME PAPER DOILIES,12,2011-10-10,1.45,12607,USA
570467,84509,SET OF 4 ENGLISH ROSE PLACEMATS,4,2011-10-10,3.75,12607,USA
570467,37448,CERAMIC CAKE DESIGN SPOTTED MUG,12,2011-10-10,1.49,12607,USA
570467,22649,STRAWBERRY FAIRY CAKE TEAPOT,8,2011-10-10,4.95,12607,USA
570467,22951,60 CAKE CASES DOLLY GIRL DESIGN,24,2011-10-10,0.55,12607,USA
570467,21976,PACK OF 60 MUSHROOM CAKE CASES,24,2011-10-10,0.55,12607,USA
570467,22417,PACK OF 60 SPACEBOY CAKE CASES,24,2011-10-10,0.55,12607,USA
570467,21212,PACK OF 72 RETROSPOT CAKE CASES,24,2011-10-10,0.55,12607,USA
570467,22938,CUPCAKE LACE PAPER SET 6,12,2011-10-10,1.95,12607,USA
570467,84991,60 TEATIME FAIRY CAKE CASES,24,2011-10-10,0.55,12607,USA
570467,22199,FRYING PAN RED RETROSPOT,4,2011-10-10,4.25,12607,USA
570467,22848,BREAD BIN DINER STYLE PINK,1,2011-10-10,16.95,12607,USA
570467,22204,MILK PAN BLUE POLKADOT,4,2011-10-10,3.75,12607,USA
570467,22360,GLASS JAR ENGLISH CONFECTIONERY,6,2011-10-10,2.95,12607,USA
570467,47559,TEA TIME OVEN GLOVE,10,2011-10-10,1.25,12607,USA
570467,22399,MAGNETS PACK OF 4 CHILDHOOD MEMORY,12,2011-10-10,1.25,12607,USA
570467,22922,FRIDGE MAGNETS US DINER ASSORTED,12,2011-10-10,0.85,12607,USA
570467,23156,SET OF 5 MINI GROCERY MAGNETS,12,2011-10-10,2.08,12607,USA
570467,23159,SET OF 5 PANCAKE DAY MAGNETS,12,2011-10-10,2.08,12607,USA
570467,22027,TEA PARTY BIRTHDAY CARD,12,2011-10-10,0.42,12607,USA
570467,22029,SPACEBOY BIRTHDAY CARD,12,2011-10-10,0.42,12607,USA
570467,22983,CARD BILLBOARD FONT,12,2011-10-10,0.42,12607,USA
570467,22712,CARD DOLLY GIRL ,12,2011-10-10,0.42,12607,USA
570467,16161,WRAP ENGLISH ROSE ,25,2011-10-10,0.42,12607,USA
570467,21498,RED RETROSPOT WRAP ,25,2011-10-10,0.42,12607,USA
570467,21499,BLUE POLKADOT WRAP,25,2011-10-10,0.42,12607,USA
570467,22046,TEA PARTY  WRAPPING PAPER ,25,2011-10-10,0.42,12607,USA
570467,22048,BIRTHDAY BANQUET GIFT WRAP,25,2011-10-10,0.42,12607,USA
570467,22050,PINK PAISLEY ROSE GIFT WRAP,25,2011-10-10,0.42,12607,USA
570467,22708,WRAP DOLLY GIRL,25,2011-10-10,0.42,12607,USA
570467,22706,WRAP COWBOYS  ,25,2011-10-10,0.42,12607,USA
570467,21122,SET/10 PINK POLKADOT PARTY CANDLES,24,2011-10-10,1.25,12607,USA
570467,21123,SET/10 IVORY POLKADOT PARTY CANDLES,24,2011-10-10,1.25,12607,USA
570467,21891,TRADITIONAL WOODEN SKIPPING ROPE,12,2011-10-10,1.45,12607,USA
570467,23166,MEDIUM CERAMIC TOP STORAGE JAR,12,2011-10-10,1.25,12607,USA
570467,23165,LARGE CERAMIC TOP STORAGE JAR,12,2011-10-10,1.65,12607,USA
570467,23167,SMALL CERAMIC TOP STORAGE JAR ,12,2011-10-10,0.83,12607,USA
570467,48185,DOORMAT FAIRY CAKE,2,2011-10-10,8.25,12607,USA
570467,23372,SET 36 COLOUR PENCILS DOLLY GIRL,16,2011-10-10,1.25,12607,USA
570467,23367,SET 12 COLOUR PENCILS SPACEBOY ,16,2011-10-10,0.65,12607,USA
570467,23513,EMBROIDERED RIBBON REEL SUSIE ,6,2011-10-10,2.08,12607,USA
570467,23518,EMBROIDERED RIBBON REEL RACHEL ,6,2011-10-10,2.89,12607,USA
570467,23514,EMBROIDERED RIBBON REEL SALLY ,6,2011-10-10,2.08,12607,USA
570467,22139,RETROSPOT TEA SET CERAMIC 11 PC ,3,2011-10-10,4.95,12607,USA
570467,23078,ICE CREAM PEN LIP GLOSS ,24,2011-10-10,1.25,12607,USA
570467,23077,DOUGHNUT LIP GLOSS ,20,2011-10-10,1.25,12607,USA
570467,21058,PARTY INVITES WOODLAND,12,2011-10-10,0.85,12607,USA
570467,21059,PARTY INVITES DINOSAURS,12,2011-10-10,0.85,12607,USA
570467,22720,SET OF 3 CAKE TINS PANTRY DESIGN ,3,2011-10-10,4.95,12607,USA
570467,22492,MINI PAINT SET VINTAGE ,36,2011-10-10,0.65,12607,USA
570467,22738,RIBBON REEL SNOWY VILLAGE,10,2011-10-10,1.65,12607,USA
570467,22734,SET OF 6 RIBBONS VINTAGE CHRISTMAS,6,2011-10-10,2.89,12607,USA
570467,22737,RIBBON REEL CHRISTMAS PRESENT ,10,2011-10-10,1.65,12607,USA
570467,23434,3 RAFFIA RIBBONS 50S CHRISTMAS ,10,2011-10-10,0.79,12607,USA
570467,22736,RIBBON REEL MAKING SNOWMEN ,10,2011-10-10,1.65,12607,USA
570467,22739,RIBBON REEL CHRISTMAS SOCK BAUBLE,10,2011-10-10,1.65,12607,USA
570467,22959,WRAP CHRISTMAS VILLAGE,25,2011-10-10,0.42,12607,USA
570467,22818,CARD CHRISTMAS VILLAGE,12,2011-10-10,0.42,12607,USA
570467,23014,GLASS APOTHECARY BOTTLE ELIXIR,4,2011-10-10,3.95,12607,USA
570467,23229,VINTAGE DONKEY TAIL GAME ,6,2011-10-10,3.75,12607,USA
570467,23289,DOLLY GIRL CHILDRENS BOWL,8,2011-10-10,1.25,12607,USA
570467,23291,DOLLY GIRL CHILDRENS CUP,8,2011-10-10,1.25,12607,USA
570467,23290,SPACEBOY CHILDRENS BOWL,8,2011-10-10,1.25,12607,USA
570467,23292,SPACEBOY CHILDRENS CUP,8,2011-10-10,1.25,12607,USA
570467,21210,SET OF 72 RETROSPOT PAPER  DOILIES,12,2011-10-10,1.45,12607,USA
570467,23353,6 GIFT TAGS VINTAGE CHRISTMAS ,12,2011-10-10,0.83,12607,USA
570467,23349,ROLL WRAP VINTAGE CHRISTMAS,12,2011-10-10,1.25,12607,USA
570467,23351,ROLL WRAP 50S CHRISTMAS,12,2011-10-10,1.25,12607,USA
570467,23354,6 GIFT TAGS 50S CHRISTMAS ,12,2011-10-10,0.83,12607,USA
570467,23311,VINTAGE CHRISTMAS STOCKING ,6,2011-10-10,2.55,12607,USA
570467,23309,SET OF 60 I LOVE LONDON CAKE CASES ,24,2011-10-10,0.55,12607,USA
570467,23293,SET OF 12 FAIRY CAKE BAKING CASES,8,2011-10-10,0.83,12607,USA
570467,23255,CHILDRENS CUTLERY CIRCUS PARADE,4,2011-10-10,4.15,12607,USA
570467,23256,CHILDRENS CUTLERY SPACEBOY ,4,2011-10-10,4.15,12607,USA
570467,22989,SET 2 PANTRY DESIGN TEA TOWELS,6,2011-10-10,3.25,12607,USA
570467,23254,CHILDRENS CUTLERY DOLLY GIRL ,4,2011-10-10,4.15,12607,USA
570467,20750,RED RETROSPOT MINI CASES,2,2011-10-10,7.95,12607,USA
570467,22449,SILK PURSE BABUSHKA PINK,6,2011-10-10,3.35,12607,USA
570467,21577,SAVE THE PLANET COTTON TOTE BAG,6,2011-10-10,2.25,12607,USA
570467,37495,FAIRY CAKE BIRTHDAY CANDLE SET,4,2011-10-10,3.75,12607,USA
570467,21121,SET/10 RED POLKADOT PARTY CANDLES,24,2011-10-10,1.25,12607,USA
570467,21124,SET/10 BLUE POLKADOT PARTY CANDLES,24,2011-10-10,1.25,12607,USA
570867,23290,SPACEBOY CHILDRENS BOWL,8,2011-12-10,1.25,12607,USA
570867,23289,DOLLY GIRL CHILDRENS BOWL,8,2011-12-10,1.25,12607,USA
570867,23256,CHILDRENS CUTLERY SPACEBOY ,4,2011-12-10,4.15,12607,USA
570867,23255,CHILDRENS CUTLERY CIRCUS PARADE,4,2011-12-10,4.15,12607,USA
570867,23254,CHILDRENS CUTLERY DOLLY GIRL ,4,2011-12-10,4.15,12607,USA
570867,23229,VINTAGE DONKEY TAIL GAME ,6,2011-12-10,3.75,12607,USA
570867,23167,SMALL CERAMIC TOP STORAGE JAR ,12,2011-12-10,0.83,12607,USA
570867,23166,MEDIUM CERAMIC TOP STORAGE JAR,12,2011-12-10,1.25,12607,USA
570867,23165,LARGE CERAMIC TOP STORAGE JAR,12,2011-12-10,1.65,12607,USA
570867,23159,SET OF 5 PANCAKE DAY MAGNETS,12,2011-12-10,2.08,12607,USA
570867,23156,SET OF 5 MINI GROCERY MAGNETS,12,2011-12-10,2.08,12607,USA
570867,23078,ICE CREAM PEN LIP GLOSS ,24,2011-12-10,1.25,12607,USA
570867,23077,DOUGHNUT LIP GLOSS ,20,2011-12-10,1.25,12607,USA
570867,23014,GLASS APOTHECARY BOTTLE ELIXIR,4,2011-12-10,3.95,12607,USA
570867,22989,SET 2 PANTRY DESIGN TEA TOWELS,6,2011-12-10,3.25,12607,USA
570867,22983,CARD BILLBOARD FONT,12,2011-12-10,0.42,12607,USA
570867,22974,CHILDRENS DOLLY GIRL MUG,12,2011-12-10,1.65,12607,USA
570867,22972,CHILDRENS SPACEBOY MUG,12,2011-12-10,1.65,12607,USA
570867,22959,WRAP CHRISTMAS VILLAGE,25,2011-12-10,0.42,12607,USA
570867,22951,60 CAKE CASES DOLLY GIRL DESIGN,24,2011-12-10,0.55,12607,USA
570867,22949,36 DOILIES DOLLY GIRL,12,2011-12-10,1.45,12607,USA
570867,22938,CUPCAKE LACE PAPER SET 6,12,2011-12-10,1.95,12607,USA
570867,22922,FRIDGE MAGNETS US DINER ASSORTED,12,2011-12-10,0.85,12607,USA
570867,22848,BREAD BIN DINER STYLE PINK,1,2011-12-10,16.95,12607,USA
570867,22818,CARD CHRISTMAS VILLAGE,12,2011-12-10,0.42,12607,USA
570867,22739,RIBBON REEL CHRISTMAS SOCK BAUBLE,10,2011-12-10,1.65,12607,USA
570867,22738,RIBBON REEL SNOWY VILLAGE,10,2011-12-10,1.65,12607,USA
570867,22737,RIBBON REEL CHRISTMAS PRESENT ,10,2011-12-10,1.65,12607,USA
570867,22736,RIBBON REEL MAKING SNOWMEN ,10,2011-12-10,1.65,12607,USA
570867,22734,SET OF 6 RIBBONS VINTAGE CHRISTMAS,6,2011-12-10,2.89,12607,USA
570867,22720,SET OF 3 CAKE TINS PANTRY DESIGN ,3,2011-12-10,4.95,12607,USA
570867,22712,CARD DOLLY GIRL ,12,2011-12-10,0.42,12607,USA
570867,22708,WRAP DOLLY GIRL,25,2011-12-10,0.42,12607,USA
570867,22706,WRAP COWBOYS  ,25,2011-12-10,0.42,12607,USA
570867,22668,PINK BABY BUNTING,5,2011-12-10,2.95,12607,USA
570867,22649,STRAWBERRY FAIRY CAKE TEAPOT,8,2011-12-10,4.95,12607,USA
570867,22619,SET OF 6 SOLDIER SKITTLES,4,2011-12-10,3.75,12607,USA
570867,22551,PLASTERS IN TIN SPACEBOY,12,2011-12-10,1.65,12607,USA
570867,22492,MINI PAINT SET VINTAGE ,36,2011-12-10,0.65,12607,USA
570867,22449,SILK PURSE BABUSHKA PINK,6,2011-12-10,3.35,12607,USA
570867,22417,PACK OF 60 SPACEBOY CAKE CASES,24,2011-12-10,0.55,12607,USA
570867,22399,MAGNETS PACK OF 4 CHILDHOOD MEMORY,12,2011-12-10,1.25,12607,USA
570867,22360,GLASS JAR ENGLISH CONFECTIONERY,6,2011-12-10,2.95,12607,USA
570867,22326,ROUND SNACK BOXES SET OF4 WOODLAND ,6,2011-12-10,2.95,12607,USA
570867,22204,MILK PAN BLUE POLKADOT,4,2011-12-10,3.75,12607,USA
570867,22199,FRYING PAN RED RETROSPOT,4,2011-12-10,4.25,12607,USA
570867,22139,RETROSPOT TEA SET CERAMIC 11 PC ,3,2011-12-10,4.95,12607,USA
570867,22138,BAKING SET 9 PIECE RETROSPOT ,3,2011-12-10,4.95,12607,USA
570867,22090,PAPER BUNTING RETROSPOT,6,2011-12-10,2.95,12607,USA
570867,22050,PINK PAISLEY ROSE GIFT WRAP,25,2011-12-10,0.42,12607,USA
570867,22048,BIRTHDAY BANQUET GIFT WRAP,25,2011-12-10,0.42,12607,USA
570867,22046,TEA PARTY  WRAPPING PAPER ,25,2011-12-10,0.42,12607,USA
570867,22029,SPACEBOY BIRTHDAY CARD,12,2011-12-10,0.42,12607,USA
570867,22027,TEA PARTY BIRTHDAY CARD,12,2011-12-10,0.42,12607,USA
570867,21976,PACK OF 60 MUSHROOM CAKE CASES,24,2011-12-10,0.55,12607,USA
570867,21974,SET OF 36 PAISLEY FLOWER DOILIES,12,2011-12-10,1.45,12607,USA
570867,21915,RED  HARMONICA IN BOX ,12,2011-12-10,1.25,12607,USA
570867,21891,TRADITIONAL WOODEN SKIPPING ROPE,12,2011-12-10,1.45,12607,USA
570867,21671,RED SPOT CERAMIC DRAWER KNOB,12,2011-12-10,1.45,12607,USA
570867,21669,BLUE STRIPE CERAMIC DRAWER KNOB,12,2011-12-10,1.45,12607,USA
570867,21668,RED STRIPE CERAMIC DRAWER KNOB,12,2011-12-10,1.45,12607,USA
570867,21577,SAVE THE PLANET COTTON TOTE BAG,6,2011-12-10,2.25,12607,USA
570867,21524,DOORMAT SPOTTY HOME SWEET HOME,2,2011-12-10,8.25,12607,USA
570867,21499,BLUE POLKADOT WRAP,25,2011-12-10,0.42,12607,USA
570867,21498,RED RETROSPOT WRAP ,25,2011-12-10,0.42,12607,USA
570867,21232,STRAWBERRY CERAMIC TRINKET BOX,12,2011-12-10,1.25,12607,USA
570867,21231,SWEETHEART CERAMIC TRINKET BOX,12,2011-12-10,1.25,12607,USA
570867,21212,PACK OF 72 RETROSPOT CAKE CASES,24,2011-12-10,0.55,12607,USA
570867,21210,SET OF 72 RETROSPOT PAPER  DOILIES,12,2011-12-10,1.45,12607,USA
570867,21124,SET/10 BLUE POLKADOT PARTY CANDLES,24,2011-12-10,1.25,12607,USA
570867,21123,SET/10 IVORY POLKADOT PARTY CANDLES,24,2011-12-10,1.25,12607,USA
570867,21122,SET/10 PINK POLKADOT PARTY CANDLES,24,2011-12-10,1.25,12607,USA
570867,21121,SET/10 RED POLKADOT PARTY CANDLES,24,2011-12-10,1.25,12607,USA
570867,21059,PARTY INVITES DINOSAURS,12,2011-12-10,0.85,12607,USA
570867,20750,RED RETROSPOT MINI CASES,2,2011-12-10,7.95,12607,USA
570867,16161,WRAP ENGLISH ROSE ,25,2011-12-10,0.42,12607,USA
570867,84991,60 TEATIME FAIRY CAKE CASES,24,2011-12-10,0.55,12607,USA
570867,84987,SET OF 36 TEATIME PAPER DOILIES,12,2011-12-10,1.45,12607,USA
570867,84509,SET OF 4 ENGLISH ROSE PLACEMATS,4,2011-12-10,3.75,12607,USA
570867,48185,DOORMAT FAIRY CAKE,2,2011-12-10,8.25,12607,USA
570867,47590,PINK HAPPY BIRTHDAY BUNTING,3,2011-12-10,5.45,12607,USA
570867,47590,BLUE HAPPY BIRTHDAY BUNTING,3,2011-12-10,5.45,12607,USA
570867,47559,TEA TIME OVEN GLOVE,10,2011-12-10,1.25,12607,USA
570867,37495,FAIRY CAKE BIRTHDAY CANDLE SET,4,2011-12-10,3.75,12607,USA
570867,37448,CERAMIC CAKE DESIGN SPOTTED MUG,12,2011-12-10,1.49,12607,USA
570867,23518,EMBROIDERED RIBBON REEL RACHEL ,6,2011-12-10,2.89,12607,USA
570867,23514,EMBROIDERED RIBBON REEL SALLY ,6,2011-12-10,2.08,12607,USA
570867,23434,3 RAFFIA RIBBONS 50S CHRISTMAS ,10,2011-12-10,0.79,12607,USA
570867,23372,SET 36 COLOUR PENCILS DOLLY GIRL,16,2011-12-10,1.25,12607,USA
570867,23367,SET 12 COLOUR PENCILS SPACEBOY ,16,2011-12-10,0.65,12607,USA
570867,23354,6 GIFT TAGS 50S CHRISTMAS ,12,2011-12-10,0.83,12607,USA
570867,23353,6 GIFT TAGS VINTAGE CHRISTMAS ,12,2011-12-10,0.83,12607,USA
570867,23351,ROLL WRAP 50S CHRISTMAS,12,2011-12-10,1.25,12607,USA
570867,23349,ROLL WRAP VINTAGE CHRISTMAS,12,2011-12-10,1.25,12607,USA
570867,23311,VINTAGE CHRISTMAS STOCKING ,6,2011-12-10,2.55,12607,USA
570867,23309,SET OF 60 I LOVE LONDON CAKE CASES ,24,2011-12-10,0.55,12607,USA
570867,23293,SET OF 12 FAIRY CAKE BAKING CASES,8,2011-12-10,0.83,12607,USA
570867,23292,SPACEBOY CHILDRENS CUP,8,2011-12-10,1.25,12607,USA
570867,23291,DOLLY GIRL CHILDRENS CUP,8,2011-12-10,1.25,12607,USA
570867,23513,EMBROIDERED RIBBON REEL SUSIE ,6,2011-12-10,2.08,12607,USA
570867,21058,PARTY INVITES WOODLAND,12,2011-12-10,0.85,12607,USA
572215,23173,REGENCY TEAPOT ROSES ,4,2011-10-11,9.95,12646,USA
572215,22423,REGENCY CAKESTAND 3 TIER,3,2011-10-11,12.75,12646,USA
572215,22962,JAM JAR WITH PINK LID,24,2011-10-11,0.85,12646,USA
572215,22963,JAM JAR WITH GREEN LID,24,2011-10-11,0.85,12646,USA
572215,23328,SET 6 SCHOOL MILK BOTTLES IN CRATE,24,2011-10-11,3.39,12646,USA
572215,22907,PACK OF 20 NAPKINS PANTRY DESIGN,36,2011-10-11,0.85,12646,USA
572215,21121,SET/10 RED POLKADOT PARTY CANDLES,48,2011-10-11,1.25,12646,USA
572215,21124,SET/10 BLUE POLKADOT PARTY CANDLES,48,2011-10-11,1.25,12646,USA
572215,21122,SET/10 PINK POLKADOT PARTY CANDLES,48,2011-10-11,1.25,12646,USA
572215,21123,SET/10 IVORY POLKADOT PARTY CANDLES,48,2011-10-11,1.25,12646,USA
572215,23295,SET OF 12 MINI LOAF BAKING CASES,24,2011-10-11,0.83,12646,USA
572215,23293,SET OF 12 FAIRY CAKE BAKING CASES,32,2011-10-11,0.83,12646,USA
572215,23296,SET OF 6 TEA TIME BAKING CASES,32,2011-10-11,1.25,12646,USA
572215,23515,EMBROIDERED RIBBON REEL DAISY ,6,2011-10-11,2.08,12646,USA
572215,23516,EMBROIDERED RIBBON REEL SOPHIE  ,6,2011-10-11,3.75,12646,USA
572215,23513,EMBROIDERED RIBBON REEL SUSIE ,6,2011-10-11,2.08,12646,USA
572215,23512,EMBROIDERED RIBBON REEL ROSIE,6,2011-10-11,2.08,12646,USA
572215,23366,SET 12 COLOURING PENCILS DOILY,16,2011-10-11,0.65,12646,USA
572215,22961,JAM MAKING SET PRINTED,12,2011-10-11,1.45,12646,USA
572215,23294,SET OF 6 SNACK LOAF BAKING CASES,24,2011-10-11,0.83,12646,USA
572215,22734,SET OF 6 RIBBONS VINTAGE CHRISTMAS,6,2011-10-11,2.89,12646,USA
572215,23245,SET OF 3 REGENCY CAKE TINS,4,2011-10-11,4.95,12646,USA
572215,23174,REGENCY SUGAR BOWL GREEN,4,2011-10-11,4.15,12646,USA
572215,23175,REGENCY MILK JUG PINK ,4,2011-10-11,3.25,12646,USA
576646,22326,ROUND SNACK BOXES SET OF4 WOODLAND ,6,2011-11-11,2.95,16311,USA
576646,20725,LUNCH BAG RED RETROSPOT,10,2011-11-11,1.65,16311,USA
576646,22628,PICNIC BOXES SET OF 3 RETROSPOT ,4,2011-11-11,4.95,16311,USA
576646,22631,CIRCUS PARADE LUNCH BOX ,12,2011-11-11,1.95,16311,USA
576646,84997,CHILDRENS CUTLERY POLKADOT PINK,4,2011-11-11,4.15,16311,USA
576646,23254,CHILDRENS CUTLERY DOLLY GIRL ,4,2011-11-11,4.15,16311,USA
576646,23256,CHILDRENS CUTLERY SPACEBOY ,4,2011-11-11,4.15,16311,USA
576646,22555,PLASTERS IN TIN STRONGMAN,12,2011-11-11,1.65,16311,USA
576646,22554,PLASTERS IN TIN WOODLAND ANIMALS,12,2011-11-11,1.65,16311,USA
576646,22556,PLASTERS IN TIN CIRCUS PARADE ,12,2011-11-11,1.65,16311,USA
576646,20973,12 PENCIL SMALL TUBE WOODLAND,24,2011-11-11,0.65,16311,USA
576646,23371,SET 36 COLOUR PENCILS SPACEBOY ,16,2011-11-11,1.25,16311,USA
576646,20983,12 PENCILS TALL TUBE RED RETROSPOT,12,2011-11-11,0.85,16311,USA
576646,21890,S/6 WOODEN SKITTLES IN COTTON BAG,6,2011-11-11,3.25,16311,USA
576646,21891,TRADITIONAL WOODEN SKIPPING ROPE,12,2011-11-11,1.45,16311,USA
576646,21892,TRADITIONAL WOODEN CATCH CUP GAME ,12,2011-11-11,1.25,16311,USA
576646,22619,SET OF 6 SOLDIER SKITTLES,4,2011-11-11,3.75,16311,USA
576646,22620,4 TRADITIONAL SPINNING TOPS,12,2011-11-11,1.45,16311,USA
576646,22382,LUNCH BAG SPACEBOY DESIGN ,10,2011-11-11,1.65,16311,USA
578539,22150,3 STRIPEY MICE FELTCRAFT,6,2011-11-24,1.95,16311,USA
578539,20749,ASSORTED COLOUR MINI CASES,4,2011-11-24,7.95,16311,USA
578539,20750,RED RETROSPOT MINI CASES,4,2011-11-24,7.95,16311,USA
578539,23319,BOX OF 6 MINI 50S CRACKERS,6,2011-11-24,2.49,16311,USA
578539,22745,POPPYS PLAYHOUSE BEDROOM ,12,2011-11-24,2.1,16311,USA
578539,22748,POPPYS PLAYHOUSE KITCHEN,12,2011-11-24,2.1,16311,USA
578539,22138,BAKING SET 9 PIECE RETROSPOT ,9,2011-11-24,4.95,16311,USA
578539,22559,SEASIDE FLYING DISC,12,2011-11-24,1.25,16311,USA
578539,21912,VINTAGE SNAKES & LADDERS,4,2011-11-24,3.75,16311,USA
578539,20975,12 PENCILS SMALL TUBE RED RETROSPOT,24,2011-11-24,0.65,16311,USA
578539,20981,12 PENCILS TALL TUBE WOODLAND,12,2011-11-24,0.85,16311,USA
578539,23318,BOX OF 6 MINI VINTAGE CRACKERS,6,2011-11-24,2.49,16311,USA
578539,22467,GUMBALL COAT RACK,6,2011-11-24,2.55,16311,USA
578539,23084,RABBIT NIGHT LIGHT,12,2011-11-24,2.08,16311,USA
578539,21731,RED TOADSTOOL LED NIGHT LIGHT,12,2011-11-24,1.65,16311,USA
578539,22555,PLASTERS IN TIN STRONGMAN,12,2011-11-24,1.65,16311,USA
578539,22557,PLASTERS IN TIN VINTAGE PAISLEY ,12,2011-11-24,1.65,16311,USA
578539,11001,ASSTD DESIGN RACING CAR PEN,16,2011-11-24,1.69,16311,USA
578539,23369,SET 36 COLOUR PENCILS LOVE LONDON,16,2011-11-24,1.25,16311,USA
578539,22529,MAGIC DRAWING SLATE GO TO THE FAIR ,24,2011-11-24,0.42,16311,USA
578539,22531,MAGIC DRAWING SLATE CIRCUS PARADE  ,24,2011-11-24,0.42,16311,USA
578539,22746,POPPYS PLAYHOUSE LIVINGROOM ,12,2011-11-24,2.1,16311,USA
578539,22540,MINI JIGSAW CIRCUS PARADE ,24,2011-11-24,0.42,16311,USA
578539,22541,MINI JIGSAW LEAP FROG,24,2011-11-24,0.42,16311,USA
578539,23569,TRADTIONAL ALPHABET STAMP SET,4,2011-11-24,4.95,16311,USA
578539,23507,MINI PLAYING CARDS BUFFALO BILL ,20,2011-11-24,0.42,16311,USA
578539,21889,WOODEN BOX OF DOMINOES,12,2011-11-24,1.25,16311,USA
578539,21914,BLUE HARMONICA IN BOX ,12,2011-11-24,1.25,16311,USA
578539,22619,SET OF 6 SOLDIER SKITTLES,4,2011-11-24,3.75,16311,USA
578539,22560,TRADITIONAL MODELLING CLAY,24,2011-11-24,1.25,16311,USA
578539,23570,TRADITIONAL PICK UP STICKS GAME ,12,2011-11-24,1.25,16311,USA
578539,23571,TRADITIONAL NAUGHTS & CROSSES,12,2011-11-24,1.65,16311,USA
578539,84992,72 SWEETHEART FAIRY CAKE CASES,24,2011-11-24,0.55,16311,USA
578539,23309,SET OF 60 I LOVE LONDON CAKE CASES ,24,2011-11-24,0.55,16311,USA
580158,22712,CARD DOLLY GIRL ,12,2011-02-12,0.42,12558,USA
580158,23344,JUMBO BAG 50S CHRISTMAS ,10,2011-02-12,2.08,12558,USA
580158,85099,JUMBO BAG RED RETROSPOT,10,2011-02-12,2.08,12558,USA
580158,23209,LUNCH BAG VINTAGE DOILY ,20,2011-02-12,1.65,12558,USA
580158,79191,RETRO PLASTIC ELEPHANT TRAY,24,2011-02-12,0.85,12558,USA
580158,23392,SPACEBOY ROCKET LOLLY MAKERS,24,2011-02-12,2.08,12558,USA
580158,84828,JUNGLE POPSICLES ICE LOLLY MOULDS,24,2011-02-12,1.25,12558,USA
580158,23158,SET OF 5 LUCKY CAT MAGNETS ,36,2011-02-12,2.08,12558,USA
580158,21507,ELEPHANT BIRTHDAY CARD ,12,2011-02-12,0.42,12558,USA
580158,21508,VINTAGE KID DOLLY CARD ,12,2011-02-12,0.42,12558,USA
580158,22027,TEA PARTY BIRTHDAY CARD,12,2011-02-12,0.42,12558,USA
580553,21242,RED RETROSPOT PLATE ,16,2011-05-12,1.69,12646,USA
580553,21243,PINK POLKADOT PLATE ,16,2011-05-12,1.69,12646,USA
580553,21245,GREEN POLKADOT PLATE ,16,2011-05-12,1.69,12646,USA
580553,21238,RED RETROSPOT CUP,16,2011-05-12,0.85,12646,USA
580553,21239,PINK  POLKADOT CUP,16,2011-05-12,0.85,12646,USA
580553,84997,CHILDRENS CUTLERY POLKADOT GREEN ,8,2011-05-12,4.15,12646,USA
580553,84997,CHILDRENS CUTLERY POLKADOT BLUE,8,2011-05-12,4.15,12646,USA
580553,84997,CHILDRENS CUTLERY RETROSPOT RED ,8,2011-05-12,4.15,12646,USA
580553,84997,CHILDRENS CUTLERY POLKADOT PINK,8,2011-05-12,4.15,12646,USA
580553,23328,SET 6 SCHOOL MILK BOTTLES IN CRATE,24,2011-05-12,3.39,12646,USA
580553,23366,SET 12 COLOURING PENCILS DOILY,72,2011-05-12,0.65,12646,USA
580553,23303,SET 4 PICNIC CUTLERY FONDANT,12,2011-05-12,1.95,12646,USA
580553,23305,SET 4 PICNIC CUTLERY BLUEBERRY,12,2011-05-12,1.95,12646,USA
580553,23304,SET 4 PICNIC CUTLERY CHERRY ,12,2011-05-12,1.95,12646,USA
580553,20677,PINK POLKADOT BOWL,16,2011-05-12,1.25,12646,USA
580553,20674,GREEN POLKADOT BOWL,16,2011-05-12,1.25,12646,USA
580553,20675,BLUE POLKADOT BOWL,16,2011-05-12,1.25,12646,USA
580553,20676,RED RETROSPOT BOWL,16,2011-05-12,1.25,12646,USA
580553,20975,12 PENCILS SMALL TUBE RED RETROSPOT,72,2011-05-12,0.65,12646,USA
580553,22083,PAPER CHAIN KIT RETROSPOT,12,2011-05-12,2.95,12646,USA
580553,21240,BLUE POLKADOT CUP,16,2011-05-12,0.85,12646,USA
581229,85099,JUMBO BAG RED RETROSPOT,10,2011-08-12,2.08,12558,USA
581229,84828,JUNGLE POPSICLES ICE LOLLY MOULDS,24,2011-08-12,1.25,12558,USA
581229,79191,RETRO PLASTIC ELEPHANT TRAY,24,2011-08-12,0.85,12558,USA
581229,23392,SPACEBOY ROCKET LOLLY MAKERS,24,2011-08-12,2.08,12558,USA
581229,23344,JUMBO BAG 50S CHRISTMAS ,10,2011-08-12,2.08,12558,USA
581229,23209,LUNCH BAG VINTAGE DOILY ,20,2011-08-12,1.65,12558,USA
581229,23158,SET OF 5 LUCKY CAT MAGNETS ,36,2011-08-12,2.08,12558,USA
581229,22712,CARD DOLLY GIRL ,12,2011-08-12,0.42,12558,USA
581229,22027,TEA PARTY BIRTHDAY CARD,12,2011-08-12,0.42,12558,USA
581229,21508,VINTAGE KID DOLLY CARD ,12,2011-08-12,0.42,12558,USA
581229,21507,ELEPHANT BIRTHDAY CARD ,12,2011-08-12,0.42,12558,USA
